title,content,user
Sample Title0,This is a sample content0,1
Sample Title1,This is a sample content1,1
Sample Title2,This is a sample content2,1
Sample Title3,This is a sample content3,1
Sample Title4,This is a sample content4,1
Sample Title5,This is a sample content5,1
Sample Title6,This is a sample content6,1
Sample Title7,This is a sample content7,1
Sample Title8,This is a sample content8,1
Sample Title9,This is a sample content9,1
Sample Title10,This is a sample content10,1
Sample Title11,This is a sample content11,1
Sample Title12,This is a sample content12,1
Sample Title13,This is a sample content13,1
Sample Title14,This is a sample content14,1
Sample Title15,This is a sample content15,1
